{
	"format_version": "1.8.0",
	"animations": {
		"animation.blastling.attack_1": {
			"animation_length": 0.75,
			"bones": {
				"head": {
					"rotation": {
						"0.0": {
							"vector": [0, 0, 0]
						},
						"0.0417": {
							"vector": [0, 0, 0]
						},
						"0.2083": {
							"vector": [2.5, 10, 0]
						},
						"0.5": {
							"vector": [2.5, 10, 0]
						},
						"0.625": {
							"vector": [0, -2.5, 0]
						}
					}
				},
				"body": {
					"rotation": {
						"0.0": {
							"vector": [0, 0, 0]
						},
						"0.0417": {
							"vector": [0, 0, 0]
						},
						"0.2083": {
							"vector": [0, -20, 0]
						},
						"0.25": {
							"vector": [0, -25, 0]
						},
						"0.5": {
							"vector": [0, -25, 0]
						},
						"0.625": {
							"vector": [0, 0, 0]
						}
					}
				},
				"rightarm": {
					"rotation": {
						"0.0": {
							"vector": [0, 0, 0]
						},
						"0.0833": {
							"vector": [29.87229, 22.01609, 12.15123]
						},
						"0.2083": {
							"vector": [-66.91219, 10.88528, -29.77829]
						},
						"0.2917": {
							"vector": [-65.10566, -9.63461, -26.40142]
						},
						"0.3333": {
							"vector": [-67.33762, 1.67337, -33.68532]
						},
						"0.375": {
							"vector": [-67.29245, 3.97667, -32.72478]
						},
						"0.5833": {
							"vector": [-8.53867, 54.4315, 1.32001]
						},
						"0.75": {
							"vector": [0, 0, 0]
						}
					}
				},
				"leftarm": {
					"rotation": {
						"0.0": {
							"vector": [0, 0, 0]
						},
						"0.125": {
							"vector": [-7.08837, -14.24219, -10.10575]
						},
						"0.2083": {
							"vector": [22.50337, -9.62929, -8.13349]
						},
						"0.3333": {
							"vector": [27.5, -9.63, -8.13]
						},
						"0.5833": {
							"vector": [-7.5, -9.63, -8.13]
						},
						"0.75": {
							"vector": [0, 0, 0]
						}
					}
				},
				"torso": {
					"rotation": {
						"vector": [0, 0, 0]
					}
				}
			}
		},
		"animation.blastling.attack_2": {
			"animation_length": 1.20833,
			"bones": {
				"body": {
					"rotation": {
						"0.0": {
							"vector": [0, 0, 0]
						},
						"0.125": {
							"vector": [-10, 0, 0],
							"easing": "easeInQuint"
						},
						"0.4583": {
							"vector": [-10, 0, 0],
							"easing": "easeInQuint"
						},
						"0.5833": {
							"vector": [5, 0, 0],
							"easing": "easeInElastic",
							"easingArgs": [2]
						},
						"0.6667": {
							"vector": [7.5, 0, 0]
						},
						"0.9167": {
							"vector": [7.5, 0, 0]
						},
						"1.0": {
							"vector": [0, 0, 0]
						}
					},
					"position": {
						"0.4583": {
							"vector": [0, 0, 0]
						},
						"0.5833": {
							"vector": [0, -1, 0],
							"easing": "easeInElastic"
						},
						"0.9167": {
							"vector": [0, -1, 0],
							"easing": "easeInElastic"
						},
						"1.0": {
							"vector": [0, 0, 0]
						}
					}
				},
				"rightarm": {
					"rotation": {
						"0.0": {
							"vector": [0, 0, 0]
						},
						"0.25": {
							"vector": [-135.99297, -10.54529, 10.72858],
							"easing": "easeInElastic"
						},
						"0.375": {
							"vector": [-138.49, -10.55, 10.73]
						},
						"0.4583": {
							"vector": [-138.49, -10.55, 10.73]
						},
						"0.5833": {
							"vector": [-54.4946, -18.77318, 4.84193],
							"easing": "easeInSine"
						},
						"0.7083": {
							"vector": [-43.97, -18.77, 4.84]
						},
						"0.9167": {
							"vector": [-43.97, -18.77, 4.84]
						},
						"1.0": {
							"vector": [0, 0, 0]
						}
					}
				},
				"leftarm": {
					"rotation": {
						"0.0": {
							"vector": [0, 0, 0]
						},
						"0.25": {
							"vector": [-135.99297, 10.54529, -10.72858],
							"easing": "easeInElastic"
						},
						"0.375": {
							"vector": [-138.49, 10.55, -10.73]
						},
						"0.4583": {
							"vector": [-138.49, 10.55, -10.73]
						},
						"0.5833": {
							"vector": [-53.96878, 20.80178, -3.28903],
							"easing": "easeInSine"
						},
						"0.7083": {
							"vector": [-43.97, 20.8, -3.29]
						},
						"0.9167": {
							"vector": [-43.97, 20.8, -3.29]
						},
						"1.0": {
							"vector": [0, 0, 0]
						}
					}
				}
			}
		},
		"animation.blastling.walk": {
			"loop": true,
			"animation_length": 1.375,
			"bones": {
				"rightarm": {
					"rotation": {
						"0.0": {
							"vector": [0, 0, 0]
						},
						"0.3333": {
							"vector": [-10, 0, 0]
						},
						"0.6667": {
							"vector": [0, 0, 0]
						},
						"1.0": {
							"vector": [10, 0, 0]
						},
						"1.3333": {
							"vector": [0.5, 0, 0]
						}
					}
				},
				"leftarm": {
					"rotation": {
						"0.0": {
							"vector": [0, 0, 0]
						},
						"0.3333": {
							"vector": [7.5, 0, 0]
						},
						"0.6667": {
							"vector": [0, 0, 0]
						},
						"1.0": {
							"vector": [-7.5, 0, 0]
						},
						"1.3333": {
							"vector": [-0.5, 0, 0]
						}
					}
				},
				"rightleg": {
					"rotation": {
						"0.0": {
							"vector": [0, 0, 0]
						},
						"0.3333": {
							"vector": [12.5, 0, 0]
						},
						"0.6667": {
							"vector": [0, 0, 0]
						},
						"1.0": {
							"vector": [-12.5, 0, 0]
						},
						"1.3333": {
							"vector": [-0.5, 0, 0]
						}
					}
				},
				"leftleg": {
					"rotation": {
						"0.0": {
							"vector": [0, 0, 0]
						},
						"0.3333": {
							"vector": [-12.5, 0, 0]
						},
						"0.6667": {
							"vector": [0, 0, 0]
						},
						"1.0": {
							"vector": [12.5, 0, 0]
						},
						"1.3333": {
							"vector": [0.5, 0, 0]
						}
					}
				}
			}
		},
		"animation.blastling.idle": {
			"loop": true,
			"animation_length": 4.08333,
			"bones": {
				"head": {
					"rotation": {
						"0.0": {
							"vector": [0, 0, 0]
						},
						"1.0": {
							"vector": [3.46, 0, 0]
						},
						"3.5": {
							"vector": [0, 0, 0]
						}
					},
					"position": {
						"0.25": {
							"vector": [0, 0, 0]
						},
						"2.25": {
							"vector": [0, 1, 0]
						},
						"4.0833": {
							"vector": [0, 0, 0]
						}
					}
				},
				"rightarm": {
					"position": {
						"0.0": {
							"vector": [0, 0, 0]
						},
						"2.0": {
							"vector": [0, 1, 0]
						},
						"4.0": {
							"vector": [0, 0, 0]
						}
					}
				},
				"leftarm": {
					"position": {
						"0.0": {
							"vector": [0, 0, 0]
						},
						"2.0": {
							"vector": [0, 1, 0]
						},
						"4.0": {
							"vector": [0, 0, 0]
						}
					}
				},
				"torso": {
					"scale": {
						"0.0": {
							"vector": [1, 1, 1]
						},
						"2.0": {
							"vector": [1, 1, 1.2]
						},
						"4.0": {
							"vector": [1, 1, 1]
						}
					}
				}
			}
		}
	},
	"geckolib_format_version": 2
}